23.04.2015 9:34:20;http://localhost:53780/
23.04.2015 9:34:20;http://localhost:53780/
26.04.2015 22:04:40;http://localhost:53780/
26.04.2015 22:04:45;http://localhost:53780/
26.04.2015 22:07:18;http://localhost:53780/
26.04.2015 22:07:19;http://localhost:53780/
26.04.2015 22:07:22;http://localhost:53780/My/Table/alf
26.04.2015 22:07:22;http://localhost:53780/My/Table/alf
26.04.2015 22:07:24;http://localhost:53780/My/Table/test2
26.04.2015 22:07:24;http://localhost:53780/My/Table/test2
26.04.2015 22:12:05;http://localhost:53780/
26.04.2015 22:12:07;http://localhost:53780/
26.04.2015 22:12:10;http://localhost:53780/My/Table/alfavit
26.04.2015 22:12:10;http://localhost:53780/My/Table/alfavit
26.04.2015 22:12:11;http://localhost:53780/My/Table/animals
26.04.2015 22:12:11;http://localhost:53780/My/Table/animals
26.04.2015 22:13:28;http://localhost:53780/
26.04.2015 22:13:29;http://localhost:53780/
26.04.2015 22:13:32;http://localhost:53780/My/Table/animals
26.04.2015 22:13:32;http://localhost:53780/My/Table/animals
26.04.2015 22:13:36;http://localhost:53780/My/Table/alfavit
26.04.2015 22:13:36;http://localhost:53780/My/Table/alfavit
26.04.2015 22:13:43;http://localhost:53780/My/Table/animals
26.04.2015 22:13:43;http://localhost:53780/My/Table/animals
28.04.2015 19:21:29;http://localhost:53780/My/Index
28.04.2015 19:21:35;http://localhost:53780/My/Index
28.04.2015 19:22:09;http://localhost:53780/My/Index
28.04.2015 19:22:12;http://localhost:53780/My/Index
28.04.2015 19:22:13;http://localhost:53780/My/Index
28.04.2015 19:22:13;http://localhost:53780/My/Index
28.04.2015 19:23:44;http://localhost:53780/My/Index
28.04.2015 19:23:46;http://localhost:53780/My/Index
28.04.2015 19:27:02;http://localhost:53780/My/Table/alfavit
28.04.2015 19:27:07;http://localhost:53780/My/Table/animals
28.04.2015 19:27:07;http://localhost:53780/My/Table/animals
28.04.2015 19:27:35;http://localhost:53780/My/Table
28.04.2015 19:27:40;http://localhost:53780/My/Table/animals
28.04.2015 19:27:42;http://localhost:53780/My/Table/alfavit
28.04.2015 19:27:42;http://localhost:53780/My/Table/alfavit
28.04.2015 19:27:44;http://localhost:53780/My/Table/animals
28.04.2015 19:27:44;http://localhost:53780/My/Table/animals
28.04.2015 19:30:54;http://localhost:53780/My/Table
28.04.2015 19:32:46;http://localhost:53780/My/Table
28.04.2015 19:32:49;http://localhost:53780/My/Table
28.04.2015 19:32:58;http://localhost:53780/My/Table/alfavit
28.04.2015 19:32:58;http://localhost:53780/My/Table/alfavit
28.04.2015 19:33:04;http://localhost:53780/My/Table/alfavit
28.04.2015 19:33:04;http://localhost:53780/My/Table/alfavit
28.04.2015 19:36:08;http://localhost:53780/My/Table
28.04.2015 19:36:12;http://localhost:53780/My/Table
28.04.2015 19:36:15;http://localhost:53780/My/Table/alfavit
28.04.2015 19:36:15;http://localhost:53780/My/Table/alfavit
28.04.2015 19:36:17;http://localhost:53780/My/Table/animals
28.04.2015 19:36:17;http://localhost:53780/My/Table/animals
28.04.2015 19:37:13;http://localhost:53780/
28.04.2015 19:37:13;http://localhost:53780/My/Table
28.04.2015 19:37:17;http://localhost:53780/
28.04.2015 19:37:20;http://localhost:53780/My/Table/alfavit
28.04.2015 19:37:20;http://localhost:53780/My/Table/alfavit
28.04.2015 19:37:21;http://localhost:53780/My/Table/animals
28.04.2015 19:37:21;http://localhost:53780/My/Table/animals
28.04.2015 19:41:41;http://localhost:53780/
28.04.2015 19:41:41;http://localhost:53780/My/Table
28.04.2015 19:41:44;http://localhost:53780/My/Table
28.04.2015 19:41:52;http://localhost:53780/My/Table/alfavit
28.04.2015 19:41:52;http://localhost:53780/My/Table/alfavit
28.04.2015 19:41:53;http://localhost:53780/My/Table/animals
28.04.2015 19:41:53;http://localhost:53780/My/Table/animals
